<?xml version="1.0" encoding="UTF-8" standalone="yes"?>
<addon id="plugin.program.tweaks" name="[COLOR yellow]Tweaks Build Installer[/COLOR]" version="1.0.0" provider-name="theonlykorndog">
  <requires>
    <import addon="xbmc.python" version="3.0.0"/>
  </requires>
  <extension point="xbmc.python.pluginsource" library="default.py">
    <provides>executable</provides>
  </extension>
  <extension point="xbmc.addon.metadata">
    <summary>Fast and efficient build installer.</summary>
    <description>Installs latest build from [COLOR=yellow]theonlykorndog.com[/COLOR] for Kodi 19 and above. Installing the build will overwrite your existing build and settings. Please visit the website for detailed information on the latest build, news, information and platform guides.</description>
    <platform>all</platform>
    <assets>
        <icon>icon.png</icon>
        <fanart>fanart.jpg</fanart>
    </assets>
	<news>v1.0.0 - stable release for Kodi 19 and above with Python 3.</news>
	</extension>
</addon>