<?xml version="1.0" encoding="UTF-8" standalone="yes"?>
<addon id="repository.theonlykorndog" name="[COLOR yellow]theonlykorndog Repository[/COLOR]" version="1.1.0" provider-name="theonlykorndog">
	<extension point="xbmc.addon.repository" name="theonlykorndog Repository">
		<dir>
		<info compressed="false">https://github.com/theonlykorndog/theonlykorndog.github.io/raw/master/addons.xml</info>
		<checksum>https://github.com/theonlykorndog/theonlykorndog.github.io/raw/master/addons.xml.md5</checksum>
		<datadir zip="true">https://github.com/theonlykorndog/theonlykorndog.github.io/raw/master/</datadir>
        <hashes>false</hashes>
		</dir>
	</extension>

	<extension point="xbmc.addon.metadata">
		<summary></summary>
		<description>Repo for the Tweaks Build Installer from [COLOR yellow]theonlykorndog.com[/COLOR]. Please visit the website for news, information and guides.</description>
		<disclaimer lang="en">The author does not host or distribute any content or have any affiliation with any content provider.</disclaimer>
		<platform>all</platform>
		<license>GNU GENERAL PUBLIC LICENSE. Version 3, 29 June 2007</license>
		<news>v1.1.0 - Updated icon, updated description.</news>
    <assets>
        <icon>icon.png</icon>
        <fanart>fanart.jpg</fanart>
    </assets>
	</extension>
</addon>